happy run是什麼, Happy Run 樂駿有限公司是一個具有創新思想的人力顧問團隊，對於尋找適合人才的公司，我們不僅提供在最短時間內搜尋到最適合人才的服務之外，另外也對協助公司對於組織架構藍圖的規劃建議。
happy run, Happy Run 樂駿有限公司是一個具有創新思想的人力顧問團隊，對於尋找適合人才的公司，我們不僅提供在最短時間內搜尋到最適合人才的服務之外，另外也對協助公司對於組織架構藍圖的規劃建議。
Happy Run, Happy Run 樂駿有限公司是一個具有創新思想的人力顧問團隊，對於尋找適合人才的公司，我們不僅提供在最短時間內搜尋到最適合人才的服務之外，另外也對協助公司對於組織架構藍圖的規劃建議。
happy run 是什麼, Happy Run 樂駿有限公司是一個具有創新思想的人力顧問團隊，對於尋找適合人才的公司，我們不僅提供在最短時間內搜尋到最適合人才的服務之外，另外也對協助公司對於組織架構藍圖的規劃建議。
樂駿有限公司, Happy Run 樂駿有限公司是一個具有創新思想的人力顧問團隊，對於尋找適合人才的公司，我們不僅提供在最短時間內搜尋到最適合人才的服務之外，另外也對協助公司對於組織架構藍圖的規劃建議。
Happy Run聯絡方式, Line ID: bethyeh1980 Email: hr@twhappyrun.com 台北市大安區忠孝東路4段169號12樓之一 https://www.twhappyrun.com
Happy Run 聯絡方式, Line ID: bethyeh1980 Email: hr@twhappyrun.com 台北市大安區忠孝東路4段169號12樓之一 https://www.twhappyrun.com
樂駿聯絡方式, Line ID: bethyeh1980 Email: hr@twhappyrun.com 台北市大安區忠孝東路4段169號12樓之一 https://www.twhappyrun.com
Beth Yeh, Beth是Happy Run的老闆 
誰是Beth Yeh, Beth是Happy Run的老闆 
