什麼是line聊天機器人,基本上就是利用line頻道作為與客戶接觸介面 讓line收取客戶訊息 重點在於能自動回應客戶訊息 請參考 http://www.5233.space/2016/11/lineai.html
line聊天機器人是什麼,基本上就是利用line頻道作為與客戶接觸介面 讓line收取客戶訊息 重點在於能自動回應客戶訊息 請參考 http://www.5233.space/2016/11/lineai.html
何謂line聊天機器人,基本上就是利用line頻道作為與客戶接觸介面 讓line收取客戶訊息 重點在於能自動回應客戶訊息 請參考 http://www.5233.space/2016/11/lineai.html
要怎麼要製作line聊天機器人,首先需要有line帳號 接下來利用line webhook來擷取line的訊息 通常也會需要製作具有智慧的伺服器程式 然後就看開發者的能力了 請參考http://www.5233.space/2016/09/ai.html
如何製作line聊天機器人,首先需要有line帳號 接下來利用line webhook來擷取line的訊息 通常也會需要製作具有智慧的伺服器程式 然後就看開發者的能力了 請參考http://www.5233.space/2016/09/ai.html
開發line人工智慧機器人,首先需要有line帳號 接下來利用line webhook來擷取line的訊息 通常也會需要製作具有智慧的伺服器程式 然後就看開發者的能力了 請參考http://www.5233.space/2016/09/ai.html
製作line人工智慧機器人,首先需要有line帳號 接下來利用line webhook來擷取line的訊息 通常也會需要製作具有智慧的伺服器程式 然後就看開發者的能力了 請參考http://www.5233.space/2016/09/ai.html
聊天機器人能做什麼,最簡單的應用會是基本的客戶諮詢服務 就像你現在問的問題 是由稍具簡單人工智慧的機器人回答一樣 另外他也可以主動傳訊息給客戶 客戶咨詢涵蓋範圍很廣  不夠聰明的人工智慧當然沒辦法回答所有問題 然而常見問題應該很容易在知識庫搜尋到
line聊天機器人的功能,最簡單的應用會是基本的客戶諮詢服務 就像你現在問的問題 是由稍具簡單人工智慧的機器人回答一樣 另外他也可以主動傳訊息給客戶 客戶咨詢涵蓋範圍很廣  不夠聰明的人工智慧當然沒辦法回答所有問題 然而常見問題應該很容易在知識庫搜尋到
line聊天機器人有什麼用途,最簡單的應用會是基本的客戶諮詢服務 就像你現在問的問題 是由稍具簡單人工智慧的機器人回答一樣 另外他也可以主動傳訊息給客戶 客戶咨詢涵蓋範圍很廣  不夠聰明的人工智慧當然沒辦法回答所有問題 然而常見問題應該很容易在知識庫搜尋到
聊天機器人有什麼用,最簡單的應用會是基本的客戶諮詢服務 就像你現在問的問題 是由稍具簡單人工智慧的機器人回答一樣 另外他也可以主動傳訊息給客戶 客戶咨詢涵蓋範圍很廣  不夠聰明的人工智慧當然沒辦法回答所有問題 然而常見問題應該很容易在知識庫搜尋到
bot_cannot_response,抱歉我的知識庫尚未有相關資訊 我已經通知相關人員會儘速與您聯繫  您也可主動聯繫我的創造者 ai@talent-service.com 
